Total Calories, Total Distance, Total Floors, Total Steps, Avg Heartrate, Max Steps, Sleep
2296.874377, 6.624171, 31.000000, 15415.000000, 70.000000, 120.000000, 23:56:00 : 23:57:00
